<?xml version="1.0"?>
<!DOCTYPE hibernate-mapping PUBLIC "-//Hibernate/Hibernate Mapping DTD 3.0//EN"
"http://hibernate.sourceforge.net/hibernate-mapping-3.0.dtd">
<!-- Generated 04-Oct-2023, 9:34:49 am by Hibernate Tools 3.5.0.Final -->


<hibernate-mapping>
  <class name="com.infinite.jsf.recepient.model.Recipient" table="recipient">
    <id name="hId" column="h_id" type ="string" />
    <property name="firstName" column="first_name"/>
    <property name="lastName" column="last_name"/>
    <property name="mobile"/>
    <property name="userName" column="user_name"/>
    <property name="gender"/>
    <property name="dob"/>
    <property name="address"/>
    <property name="createdAt" column="created_at"/>
    <property name="password"/>
    <property name="email"/>
    <property name="status"/>

    <set name="subscriptions" inverse="true" cascade="all">
      <key column="h_id"/>
      <one-to-many class="com.infinite.jsf.insurance.model.Subscribe"/>
    </set>

    <set name="claims" inverse="true" cascade="all">
      <key column="h_id"/>
      <one-to-many class="com.infinite.jsf.provider.model.Claim"/>
    </set>

    <set name="procedures" inverse="true" cascade="all">
      <key column="h_id"/>
      <one-to-many class="com.infinite.jsf.provider.model.MedicalProcedure"/>
    </set>

   
  </class>
</hibernate-mapping>

