<?xml version="1.0"?>
<!DOCTYPE hibernate-mapping PUBLIC "-//Hibernate/Hibernate Mapping DTD 3.0//EN"
"http://hibernate.sourceforge.net/hibernate-mapping-3.0.dtd">
<!-- Generated 04-Oct-2023, 9:34:49 am by Hibernate Tools 3.5.0.Final -->
<hibernate-mapping>
  <class name="com.infinite.jsf.provider.model.Provider" table="Providers">
    <id name="providerId" column="provider_id"/>
    <property name="providerName" column="provider_name"/>
    <property name="hospitalName" column="hospital_name"/>
    <property name="email"/>
    <property name="address"/>
    <property name="city"/>
    <property name="state"/>
    <property name="zipCode" column="zip_code"/>
    <property name="status"/>
    <property name="createdAt" column="created_at"/>

    <set name="claims" inverse="true" cascade="all">
      <key column="provider_id"/>
      <one-to-many class="com.infinite.jsf.provider.model.Claim"/>
    </set>

    <set name="procedures" inverse="true" cascade="all">
      <key column="provider_id"/>
      <one-to-many class="com.infinite.jsf.provider.model.MedicalProcedure"/>
    </set>

    
  </class>
</hibernate-mapping>